11542415,2157915,2120783
11542410,16580495,12725130
11542409,7940124,10346748
10358449,15667972,4203944
10328542,12431970,1310964
10325987,2431614,16332599
10103167,17084557,8436522
10052109,17606333,3041170
10050350,15014030,2157240
9932467,17476139,12924697
9932466,17011445,6095608
9932465,6762086,1310961
9925249,6637875,12885446
9924921,8007424,15004578
9919913,3132732,11844261
9881726,8147607,3101214
9881721,8365945,12450028
9879341,1437536,14971563
9874840,15629597,8949783
9874829,9010416,15121377
9863732,2535872,5445533
9863731,2165739,16988624
9860320,7852123,2986397
9860319,3138208,17889276
9860318,8040010,17225946
9858287,3350726,16580494
9848946,9226311,15477458
9848945,11765837,2157239
10187175,10847117,3001977
9842100,7558946,2023760
9840181,11516862,2108474
9839514,12173330,15465192
9832024,10613303,6439699
9832015,9466045,451196
9832014,16182466,11189942
9830464,11083080,10526074
9829243,10470818,12182972
9826044,11977386,8120569
9814527,11958897,15098135
9806616,15519783,15104012
9800705,16543700,16887287
9800698,9308950,9464474
9800694,17459607,10394409
9791807,15380567,11082173
9788407,17398027,9607363
9775379,16227160,10394392
9775378,15979920,17926947
9775377,15574207,17293240
9775373,12652619,8270449
9769341,12707713,8270449
9769815,11567813,9550751
9768864,12206985,3010758
9768850,7922977,6306925
9755754,17116822,371782
9756179,10555005,16715713
9755953,9588918,2853579
9755952,4008290,17762090
9748554,12007939,17449195
9749120,12242129,10700825
9749119,17363188,10325987
9749107,15937907,1808645
9749106,15971310,16630407
22561285,12738314,3041165
9747044,14628125,18035214
9747842,14751537,865251
9747640,3138212,10710246
9737533,15890592,15995838
9730760,7057235,6330488
9730759,10487555,3041161
9730752,14762662,2161162
9730751,17050017,16155144
9730750,16168833,15702295
9728744,2426616,16029801
9727520,1657115,9589324
9725132,15483754,10790640
9724387,10524841,9112443
9725595,15508084,12504776
9719131,15897579,9932903
9719121,16563656,230438
9713294,16804931,16257131
9712548,17524568,16488552
9704365,17149578,4218881
9696072,15981284,3012809
9692362,15275734,17459608
9689956,15774777,11023601
9690399,7511552,16029809
9687980,15830288,8422636
9687977,7784153,2154047
9687971,11742905,16730137
9682204,10063871,9568086
9673388,10559093,17513063
9670292,15486383,1310967
9670291,17379439,3003785
9670289,10214036,11163502
9670288,12475828,8338644
9670287,15110447,16168832
9670284,17903054,15172139
9670283,17293232,12943574
9669410,11904989,16362787
9667567,12648784,6318947
9664275,12610868,3041155
9661768,16458447,8766068
9652810,12605963,9727520
9650182,9645836,2700992
9650178,12694818,17881812
9650177,15067418,9730752
9650176,1319525,9006501
9650174,17448588,7413146
9650173,3006648,6824468
9650172,9392536,17978670
9650171,12834689,16734401
9650169,2302103,454238
9651042,2695875,1338776
9651028,7092631,17450062
9651024,8814740,11240479
9651021,9440169,10065140
9651020,9437317,10696752
9650600,8414414,4792265
9645836,6657197,3675290
9632299,3467500,17118851
9632180,10477000,15615763
9623649,3627712,3618720
9623647,9392537,15681604
9623645,16029800,3717245
9620247,16111578,99132
9620246,16647221,173141
9620245,9295876,405869
9620244,12746603,219697
9615346,16888407,6251410
9615343,2550868,6704015
9614955,1584571,2542198
9613522,10408460,10394410
9609904,9514491,9002131
9608477,8341495,17680219
9608476,11516863,9719121
9607363,12605964,17118846
9607362,9422926,2157383
9607361,14968076,2845323
9599365,2685710,15992703
9594633,1562251,2158230
9589324,8414415,2090338
9588918,1594223,2011227
9587081,7832221,2402555
9586722,6329261,12819605
9586721,6284097,16865512
9586716,12545676,16865512
9581181,10865313,6101129
9578694,10442906,3550566
9574637,2984625,11905036
9572059,3035451,12426833
9571618,2845324,8089336
9571612,3014416,12851838
9568086,1325044,16700624
9563795,16249762,1649484
9547500,9373108,16319599
9539570,17141971,12869887
9539568,15241529,96045
9533134,9205912,17520213
9532276,9826044,17072523
9531388,2419816,12001667
9516592,15183783,12769053
9525254,10922199,7599383
9514491,12523887,15341435
9514054,2120158,7683125
9512244,3403315,8016461
9509529,2801862,15701271
9507489,11673294,8278155
9507488,11941255,6275325
9507486,16294207,16165914
9507485,16376492,16721565
9507480,4061545,16697804
9508276,8311772,16697804
9503486,10880919,17401623
9500275,2843486,9457841
9489564,2550395,15949110
9489560,10052109,17236979
9487373,1898536,17440247
9487369,8628541,17544003
9483624,9730759,10210346
9483621,10369595,16888551
9476918,9730750,16826358
9474937,16410818,10863068
9472822,2579050,9220569
9466045,8949782,9225785
9464327,2983558,11466721
9464474,2374681,2544370
9457841,3587916,14967427
9457840,3014415,12740662
9457810,14870772,12724692
9437317,15691572,12377335
9422581,17161555,11668006
9422564,1335591,14767652
9421155,6289219,15465468
11542785,10442907,15297132
11542640,16133022,17544599
11542635,3404968,9587582
10684021,2548232,11797294
10452014,3003784,9924921
11540336,6819279,2408725
9711753,16612151,14512192
17653805,15211886,12011745
17551794,2848958,9747044
17935286,3016360,14710028
18056433,2004953,16321896
18025519,3001976,10681679
17443338,16334397,1294601
18035219,3937171,2841533
18035214,6298160,16011138
17709223,8380147,16678505
17560616,8305324,16168831
17921728,14743464,9730751
18072513,8514551,15950401
18072504,6299503,106873
18072486,11338762,15553746
18072485,11743288,12082682
17951858,15289722,16401797
17951847,16971008,17115228
17265150,16979840,16165913
17256176,17482768,14597536
17237947,16314345,2366455
17768168,15491710,8051878
16750004,10650829,16723888
16737624,107338,3022910
17987800,7721636,3097960
17948183,9788407,10617843
17225047,10223493,14978943
17680219,15145147,4069325
17978670,15990247,
17875796,16160131,
17094913,2506156,
17973558,10433313,
17967323,7852108,
17967305,15355901,
17967297,15145175,
17985645,1740393,
17985641,16757128,
17985638,17084540,
17985628,8491686,
17985625,1904794,
17985621,12654436,
17985620,16626894,
17985617,16626894,
17921580,16609033,
17921573,,
17917408,,
17690534,,
17520213,,
17889276,,
17606333,,
17524568,,
17881812,,
17450365,,
17955849,,
17926947,,
17926946,,
17909354,,
17909348,,
17604673,,
17902356,,
17879794,,
17879790,,
17879787,,
17879784,,
17879783,,
17879776,,
17878101,,
17513063,,
17482768,,
17459607,,
17867499,,
17867497,,
17647249,,
17827185,,
17676951,,
17536011,,
17767036,,
17762090,,
17725213,,
17722844,,
17720670,,
17705636,,
17704408,,
17704400,,
17707286,,
17707280,,
17707276,,
17704329,,
17700259,,
17687492,,
17683406,,
17684582,,
17684077,,
17544599,,
17544596,,
17524633,,
17668957,,
17668956,,
17668955,,
17668954,,
17668953,,
17668952,,
17668951,,
17668950,,
17668949,,
17668948,,
17668947,,
17664589,,
17664588,,
17664587,,
17664585,,
17664579,,
17664565,,
17664550,,
17664549,,
17664545,,
17651044,,
17515661,,
17641522,,
17634645,,
17637400,,
17637397,,
17637536,,
17630917,,
17629224,,
17448588,,
17613128,,
17613123,,
17607967,,
17607289,,
17592457,,
17592454,,
17592453,,
17592449,,
17592446,,
17568545,,
17555250,,
17555248,,
17121758,,
17544003,,
17459608,,
17449195,,
17398027,,
17379439,,
17545801,,
17545621,,
17543610,,
17535029,,
17485918,,
17435376,,
17486133,,
17502116,,
17499374,,
17499373,,
17490770,,
17523847,,
16815885,,
17525911,,
17520187,,
17511301,,
17508599,,
17507814,,
17505102,,
17505093,,
17505091,,
17505081,,
17500481,,
17500475,,
17500444,,
17363188,,
17324531,,
17483342,,
17474788,,
17474787,,
17476139,,
17476135,,
17473350,,
17472892,,
17472886,,
17472885,,
17119996,,
17407386,,
17455391,,
17450062,,
17449442,,
17444406,,
17440247,,
17441029,,
17441254,,
17441253,,
17441241,,
17441238,,
17436568,,
17295082,,
17383762,,
17383761,,
17414463,,
17016433,,
17403623,,
17404029,,
17404028,,
17401623,,
17441270,,
17390727,,
17326046,,
17388177,,
17388175,,
17388166,,
17388153,,
17379089,,
17375977,,
17375774,,
17374923,,
17374919,,
17303194,,
17363549,,
17357428,,
17351803,,
17350951,,
17350945,,
17350944,,
17351504,,
17340074,,
17197125,,
17327658,,
17327656,,
17327651,,
17327648,,
17222475,,
17256181,,
17316073,,
17316070,,
17318002,,
17317976,,
17317975,,
17311699,,
17307126,,
16909103,,
17293240,,
17293232,,
17161555,,
17278504,,
17278503,,
17264380,,
17264376,,
17264375,,
17264362,,
17236979,,
17141971,,
17084557,,
17084540,,
17237011,,
17225946,,
17228117,,
17228111,,
17228110,,
17202630,,
17202628,,
17202616,,
17202615,,
16410818,,
17115228,,
17085946,,
17056193,,
17183143,,
17183134,,
17183123,,
17183121,,
17213223,,
17276997,,
17251247,,
17229785,,
17218367,,
17182605,,
17166875,,
17166874,,
17164283,,
17164279,,
17158120,,
17151009,,
17145729,,
17145727,,
17145723,,
17142820,,
17132662,,
17132661,,
17127682,,
17409834,,
17278814,,
17278813,,
17278798,,
17268338,,
17254532,,
17240633,,
17233123,,
17050017,,
17050015,,
17159851,,
17162816,,
17149972,,
17149578,,
17148826,,
17148822,,
17148817,,
17148768,,
17119885,,
16979840,,
17144440,,
16877471,,
17133938,,
17133723,,
17131704,,
17127180,,
17126219,,
17126218,,
17126216,,
17126214,,
17116822,,
17118851,,
17118846,,
17118845,,
17110773,,
17110771,,
16973228,,
17089854,,
17089853,,
17089836,,
17089834,,
17089832,,
17089052,,
16294207,,
17035061,,
16935343,,
17072523,,
17072522,,
17072519,,
17065472,,
16854960,,
17062709,,
16896663,,
16971008,,
17047265,,
17047262,,
17043629,,
17040619,,
16954052,,
16859948,,
17025269,,
17022250,,
17022247,,
17022221,,
17022220,,
17020098,,
17020097,,
17019032,,
17010908,,
17011445,,
16949766,,
17007551,,
16888407,,
17005469,,
16999602,,
16949695,,
16644964,,
16644954,,
16988624,,
16985275,,
16985273,,
16985272,,
16980677,,
16972348,,
16887287,,
16966873,,
16966066,,
16965667,,
16965664,,
16965663,,
16965656,,
16953667,,
16955037,,
16953035,,
16916557,,
16804931,,
16923548,,
16804876,,
16918311,,
16854483,,
16912009,,
16912388,,
16912375,,
16912373,,
16912368,,
16913005,,
16898464,,
16898459,,
16898456,,
16898451,,
16898445,,
16898439,,
16898438,,
16898437,,
16332599,,
16332598,,
16332597,,
16332596,,
16332595,,
16332594,,
16332593,,
16332592,,
16332591,,
16332586,,
16332585,,
16334397,,
16331167,,
16330576,,
16330571,,
16144946,,
16321896,,
16319599,,
16247432,,
16257557,,
16306659,,
16306658,,
16306647,,
16306646,,
16306644,,
16306632,,
16296877,,
16296803,,
16292889,,
16088382,,
16242331,,
16142479,,
16279062,,
16278470,,
16267011,,
16266096,,
16264250,,
15990247,,
15950401,,
16250467,,
16249819,,
16249818,,
16249762,,
16248771,,
16238445,,
16238140,,
16237243,,
16237235,,
16237232,,
16227160,,
16223173,,
16189526,,
16220406,,
16219141,,
16219822,,
16217197,,
15996873,,
16162670,,
16209188,,
16204877,,
16204876,,
22951923,,
16201559,,
16199324,,
16193785,,
16187785,,
16187763,,
16187761,,
16187760,,
16187757,,
16177508,,
21721870,,
16172969,,
16168833,,
16168832,,
16168831,,
16168129,,
16168114,,
16165914,,
16165913,,
16133454,,
16161262,,
16160131,,
16043224,,
16155144,,
16148397,,
16138338,,
16143794,,
16137201,,
16037682,,
16112468,,
16110106,,
16097559,,
16097558,,
16096529,,
15992953,,
15919125,,
15890422,,
15885828,,
15878195,,
16085599,,
16085579,,
15981284,,
16078815,,
16077232,,
16077220,,
16075489,,
16029058,,
16029809,,
16029801,,
16029782,,
15979920,,
16019936,,
16013738,,
16013722,,
16013720,,
16013706,,
16013701,,
16011138,,
16008078,,
15937907,,
15995838,,
15992703,,
15990026,,
15987440,,
15984681,,
15984676,,
15984140,,
15962759,,
15961843,,
15949110,,
15948789,,
15946583,,
15934205,,
15934200,,
15930601,,
15930333,,
15925982,,
15913400,,
15818481,,
15812657,,
15900053,,
15897579,,
15895601,,
15895600,,
15895592,,
15895580,,
15895576,,
15895573,,
15891493,,
15890592,,
15891958,,
15890111,,
15890101,,
15884182,,
15841373,,
15869724,,
15755774,,
15713741,,
15866464,,
15860804,,
15850415,,
15850901,,
15843752,,
15830288,,
15823599,,
15820766,,
15802867,,
15800346,,
15798329,,
15798275,,
15798273,,
15798272,,
15798271,,
15798270,,
15798269,,
15798268,,
15798267,,
15798263,,
15798261,,
15798258,,
15798257,,
15798256,,
15798280,,
15791436,,
15789595,,
15789592,,
15770608,,
15704099,,
15778580,,
15774777,,
15773729,,
15773721,,
15773720,,
15688009,,
15763196,,
15763259,,
15763472,,
15742946,,
15742944,,
15742943,,
15736320,,
15719979,,
15719970,,
15719968,,
15719967,,
15719952,,
15719949,,
15719313,,
15715430,,
15714980,,
15637691,,
15708275,,
15708272,,
15706141,,
15702295,,
15695796,,
15691572,,
15690508,,
15683669,,
15681604,,
15678183,,
15670895,,
15667981,,
15667979,,
15667972,,
15641104,,
15668650,,
15665286,,
15660193,,
15660187,,
15658897,,
15653670,,
15653646,,
15642191,,
15629617,,
15629600,,
15629597,,
15615763,,
16264827,,
16163204,,
15971344,,
15971343,,
15971342,,
15971341,,
15971340,,
15971339,,
15971338,,
15971337,,
15971334,,
15971331,,
15971330,,
15971325,,
15971324,,
15971323,,
15971320,,
15971319,,
15971318,,
15971317,,
15971316,,
15971315,,
15971314,,
15971311,,
15971310,,
15971308,,
15971307,,
15971306,,
15971304,,
15971303,,
15971302,,
15974560,,
15971301,,
15971300,,
15968616,,
15881649,,
15858391,,
15858389,,
15858346,,
15858345,,
15858344,,
15799619,,
15764397,,
15738926,,
15723001,,
15701271,,
15700835,,
15679245,,
15656273,,
15648155,,
15640792,,
15636684,,
15635258,,
15624314,,
15623886,,
15609564,,
15599810,,
15595641,,
15588869,,
15304668,,
15587667,,
15587647,,
15586882,,
15562445,,
15577593,,
15575836,,
15574207,,
15566680,,
15547758,,
15553746,,
15552412,,
15543798,,
15543788,,
15543785,,
15542173,,
15530538,,
15528071,,
15309385,,
15522182,,
15519805,,
15519783,,
15098135,,
15509065,,
15508084,,
15491710,,
15486383,,
15483754,,
15477458,,
15470934,,
15470933,,
15470926,,
15470909,,
15390311,,
15468893,,
15465468,,
15465213,,
15465192,,
15462423,,
15462420,,
15462415,,
15446805,,
15446802,,
15446800,,
15446799,,
15446798,,
15446796,,
15446793,,
15384938,,
15380598,,
15380596,,
15380567,,
15379019,,
15377093,,
15377091,,
15377084,,
15375492,,
15370970,,
15367767,,
15345742,,
15362695,,
15357204,,
15357203,,
15357194,,
15357191,,
15357188,,
15357180,,
15355901,,
15353754,,
15353753,,
15353751,,
15353740,,
15353730,,
15353729,,
15353728,,
15353726,,
15353723,,
15353722,,
15353716,,
15353714,,
15353710,,
15353639,,
15352605,,
15341984,,
15341447,,
15341435,,
15341434,,
15337573,,
15332998,,
15329026,,
15315311,,
15312390,,
15312383,,
15313712,,
15309254,,
15308192,,
15308187,,
15308182,,
15308161,,
15308152,,
15308150,,
15308149,,
15308138,,
15308137,,
15308136,,
15304960,,
15305456,,
15303499,,
15297132,,
15289857,,
15289722,,
15285266,,
15285251,,
15285249,,
15275740,,
15275734,,
15276173,,
15273348,,
15123612,,
15266097,,
15261496,,
15261625,,
15259663,,
15259652,,
15254320,,
15246366,,
15241529,,
15240541,,
15234046,,
15234029,,
15229268,,
15225598,,
15214538,,
15211886,,
15205248,,
15196734,,
15197332,,
15191753,,
15191314,,
15183491,,
15183783,,
15175871,,
15172139,,
15172138,,
15169816,,
15161352,,
15161372,,
15161444,,
15162046,,
15162042,,
15162041,,
15162039,,
15162031,,
15158371,,
15152934,,
15152933,,
15152923,,
15152695,,
15152690,,
15152689,,
15152688,,
15152686,,
15147217,,
15145175,,
15145147,,
15145511,,
15142462,,
15137602,,
15131055,,
15106009,,
15064956,,
15125011,,
15124994,,
15121377,,
15118513,,
15110458,,
15110457,,
15110455,,
15110447,,
15112303,,
15104012,,
15104010,,
15104009,,
15104008,,
15104007,,
15104006,,
15104005,,
15104004,,
15104330,,
15103060,,
15093814,,
14747958,,
15086969,,
15083676,,
15073253,,
15070261,,
15070247,,
15070205,,
15070204,,
15070066,,
15070065,,
15070061,,
15067418,,
15053169,,
15050354,,
15050341,,
15049023,,
15049021,,
15046647,,
15046169,,
15015785,,
15014030,,
15005166,,
15004578,,
15000626,,
15000625,,
15000602,,
14991206,,
14685797,,
14988888,,
14984841,,
14982227,,
14981193,,
14980401,,
14978943,,
14978291,,
14978289,,
14971771,,
14970939,,
14968076,,
14967427,,
14960644,,
14767652,,
14762662,,
14735370,,
14758129,,
14751537,,
14751534,,
14743464,,
14705968,,
14697432,,
14697425,,
14680402,,
15508895,,
15350039,,
15202533,,
15124555,,
15124554,,
15124550,,
15124543,,
15124542,,
15124541,,
15018309,,
14994546,,
14995063,,
14995059,,
14983131,,
14981902,,
14971563,,
14968940,,
14870772,,
14753497,,
14732953,,
14727747,,
14712762,,
14712761,,
14710028,,
14699861,,
14690326,,
14684203,,
14682141,,
14682122,,
14679007,,
14679001,,
14673833,,
14659125,,
14655943,,
14653555,,
14653335,,
14653334,,
14652675,,
14652673,,
14652671,,
14628125,,
14629753,,
14630285,,
14630284,,
14626847,,
12920531,,
14604415,,
14597536,,
14596505,,
14596320,,
14596312,,
14579890,,
14579859,,
14571451,,
14570257,,
14566480,,
14565832,,
14565824,,
14565727,,
14563437,,
14563433,,
14557809,,
14556931,,
14555344,,
14529309,,
14529308,,
14529306,,
14529305,,
14529304,,
14529303,,
14529302,,
14529301,,
14529763,,
14528976,,
12845484,,
14522355,,
14522354,,
14518112,,
14516105,,
14512192,,
14509952,,
14509949,,
14506190,,
14506189,,
14506143,,
14502061,,
12974578,,
12972309,,
12972360,,
12971407,,
12968932,,
12960408,,
12954136,,
12954131,,
12954129,,
12953907,,
12953899,,
12945990,,
12945987,,
12945975,,
12945968,,
12945965,,
12943574,,
12934489,,
12926990,,
12924697,,
12924692,,
12921571,,
12918789,,
12918787,,
12914861,,
12910398,,
12908787,,
12902878,,
12885446,,
9253036,,
12879790,,
12878796,,
12873684,,
12874034,,
12872281,,
12870582,,
12869887,,
12865186,,
12854139,,
12853676,,
12852096,,
12852554,,
12852552,,
12852548,,
12852523,,
12851838,,
12841794,,
12841788,,
12839971,,
12835884,,
12834773,,
12834689,,
12832870,,
12829151,,
12827259,,
12820374,,
12819605,,
12817942,,
12816524,,
12816523,,
12812450,,
12812449,,
12812446,,
12806792,,
12804711,,
12804708,,
12804706,,
12804705,,
12803549,,
12801131,,
12801129,,
12797554,,
12796613,,
12796609,,
12789461,,
12787730,,
12779355,,
12777151,,
12764588,,
12769053,,
12754801,,
12751956,,
12749705,,
12749700,,
12747620,,
12746603,,
12742276,,
12741501,,
12740662,,
12740658,,
12738330,,
12738314,,
12738304,,
12725130,,
12724692,,
12722810,,
12710880,,
12710872,,
12707713,,
12696804,,
12696802,,
12694850,,
12694842,,
12694836,,
12694830,,
12694827,,
12694824,,
12694823,,
12694819,,
12694818,,
12695820,,
12690299,,
12684232,,
12680787,,
12678382,,
12674241,,
12654457,,
12654455,,
12654453,,
12654444,,
12654436,,
12654435,,
12652619,,
12648784,,
12637073,,
12623637,,
12619854,,
12616652,,
12610868,,
12605965,,
12605963,,
12607847,,
12602563,,
12602562,,
12602561,,
12602560,,
12602559,,
12602558,,
12602442,,
12600243,,
12590322,,
12589459,,
12577294,,
12573766,,
12569012,,
12559517,,
12559516,,
12556326,,
12548635,,
12523887,,
12504059,,
12469213,,
15195129,,
12974373,,
12803114,,
12793767,,
12793756,,
12793754,,
12793752,,
12793745,,
12793738,,
12622138,,
12614173,,
12599579,,
12597247,,
12587395,,
12579796,,
12575440,,
12570025,,
12556344,,
12553344,,
12545676,,
12539777,,
12539776,,
12539762,,
12536357,,
12534079,,
12530167,,
12530437,,
12530431,,
12527871,,
12520235,,
12520230,,
12518541,,
12518984,,
12518103,,
12518101,,
12517067,,
12512728,,
12512716,,
12504845,,
12504776,,
12504770,,
12491058,,
12491055,,
12475828,,
12474945,,
12470140,,
12470761,,
12462737,,
12462735,,
12459366,,
12452779,,
12455519,,
12445342,,
12450028,,
12443804,,
12431970,,
12428924,,
12428919,,
12426839,,
12426833,,
12419456,,
12414656,,
12412369,,
12408319,,
12408310,,
12397521,,
12396708,,
12382882,,
12382794,,
12382784,,
12382781,,
12382775,,
12377347,,
12377335,,
12375449,,
12375824,,
12375823,,
12375822,,
12373325,,
12361225,,
12271129,,
12357555,,
12353260,,
12349931,,
12349914,,
12269248,,
12242129,,
12241111,,
12198179,,
12235320,,
12222863,,
12208580,,
12206985,,
12201413,,
12196251,,
12194758,,
12194357,,
12194351,,
12194326,,
12194321,,
12194313,,
12194282,,
12194280,,
12194274,,
12194272,,
12194265,,
12182972,,
12181748,,
12174881,,
12173330,,
12171332,,
12171328,,
12167018,,
12164585,,
12148720,,
12128141,,
12128110,,
12122791,,
12120120,,
12118387,,
12113053,,
12112609,,
12108781,,
12101706,,
12101704,,
12102502,,
12095573,,
12095567,,
12095557,,
12095545,,
1945786,,
12094976,,
12094992,,
12094987,,
12088733,,
12082682,,
12079538,,
12069083,,
12064446,,
12063014,,
12063012,,
12061743,,
12056326,,
12049471,,
12040674,,
12040673,,
12041701,,
12036836,,
12033584,,
12033577,,
12033561,,
12032666,,
12030116,,
12029540,,
12023146,,
12020436,,
12017296,,
12011745,,
12007965,,
12007939,,
12004622,,
12001667,,
11999160,,
11996053,,
11993940,,
11991132,,
11991121,,
11977390,,
11977386,,
11965117,,
11965231,,
11962759,,
11958653,,
11958897,,
11942042,,
11942375,,
11941255,,
11941244,,
11941242,,
11937240,,
11936179,,
11936177,,
11936185,,
11934432,,
11931469,,
11922417,,
11905036,,
11904989,,
11900193,,
11893248,,
11865993,,
11865989,,
11845839,,
11844261,,
11840548,,
11818000,,
11801712,,
11793282,,
11779363,,
11779358,,
11754457,,
11744989,,
11743288,,
16734412,,
16734411,,
16734406,,
16734404,,
16734403,,
16734401,,
16463998,,
11992397,,
11992384,,
11951659,,
11912839,,
11894891,,
11843091,,
11843088,,
11843087,,
11843083,,
11843081,,
11820651,,
11803600,,
11797294,,
11747997,,
11780622,,
11780619,,
11774388,,
11776988,,
11776982,,
11776261,,
11774579,,
11771546,,
11771543,,
11770522,,
11770521,,
11770547,,
11770538,,
11770536,,
11770534,,
11770533,,
11770531,,
11770529,,
11770519,,
11747542,,
11765837,,
11765067,,
11742905,,
11762033,,
11762031,,
11763354,,
11761097,,
11734643,,
11704461,,
11730999,,
11725448,,
11721355,,
11711678,,
11710239,,
11710775,,
11706510,,
11707030,,
11704309,,
11695776,,
11687671,,
11686282,,
11686276,,
11680016,,
11680015,,
11677104,,
11677099,,
11674839,,
11673294,,
11668006,,
11665383,,
11642302,,
11605568,,
11604088,,
11604078,,
11604069,,
11604068,,
11604052,,
11602013,,
11602012,,
11602010,,
11602008,,
11597644,,
11598478,,
11591022,,
11586108,,
11585223,,
11585222,,
11585217,,
11580169,,
11576451,,
11573801,,
11571018,,
11567813,,
11567803,,
11565407,,
11556679,,
11554854,,
11548348,,
11547555,,
11545498,,
11545494,,
11525289,,
11516862,,
11515663,,
11512616,,
11507235,,
11505620,,
11505618,,
11503569,,
11504311,,
11500135,,
11500131,,
11498420,,
11495825,,
11487862,,
11487861,,
11487857,,
11483348,,
11483338,,
11483321,,
11473968,,
11474935,,
11466721,,
11464376,,
11458640,,
11458430,,
11456016,,
11454715,,
11452820,,
11448233,,
11446078,,
11445835,,
11441963,,
11439469,,
11439496,,
11439494,,
11439492,,
11439490,,
11439489,,
11439213,,
11418311,,
11417508,,
11417507,,
11417504,,
11417503,,
11417505,,
11417500,,
11408430,,
11406092,,
11404708,,
11404705,,
11404704,,
11404702,,
11403711,,
11395250,,
11395245,,
11393892,,
11393469,,
11388728,,
11384062,,
11380244,,
11370500,,
11370820,,
11369075,,
11367576,,
11357507,,
11352764,,
11351958,,
11338762,,
11339768,,
11339758,,
11325485,,
11324954,,
11321486,,
11316569,,
11318312,,
11308247,,
11306447,,
11299770,,
11295113,,
11295213,,
11292131,,
11290467,,
11286853,,
11286852,,
11286851,,
11281525,,
11281204,,
11280760,,
11277216,,
11277215,,
11258847,,
11258845,,
11253681,,
11240479,,
11240495,,
11240250,,
11240247,,
11243342,,
11243341,,
11243340,,
11243334,,
11236924,,
11233832,,
11229741,,
11229739,,
11229735,,
11229727,,
11229715,,
11229714,,
11227786,,
11166873,,
11166871,,
11175674,,
11175668,,
11175663,,
10346748,,
10853743,,
10948406,,
10435814,,
10643731,,
10524841,,
10210346,,
10815634,,
10659762,,
16859000,,
10841417,,
10379511,,
10827791,,
10592492,,
10665955,,
10947125,,
10837968,,
10947126,,
10825133,,
10622772,,
9972789,,
9949398,,
11148372,,
10587228,,
10566300,,
10624037,,
10365156,,
10363986,,
10902738,,
10465364,,
10988324,,
10633788,,
10768221,,
11099186,,
10076972,,
10196398,,
10073660,,
11173125,,
9952308,,
10897760,,
10394382,,
10063871,,
10559093,,
11098920,,
12552872,,
10753214,,
10484848,,
11039343,,
11163518,,
10436900,,
10565648,,
11025644,,
11098858,,
10659754,,
10435525,,
10611107,,
10524425,,
11218034,,
9973079,,
10394413,,
10230460,,
10392819,,
10958188,,
10477000,,
10541359,,
10461753,,
10881004,,
10844868,,
10994745,,
10505876,,
10394400,,
10847117,,
10837940,,
10901968,,
10901967,,
10858115,,
10065140,,
10711581,,
10681679,,
10696752,,
10836422,,
10841392,,
10588029,,
10647986,,
10408460,,
10394389,,
10501053,,
10394411,,
10394397,,
10544687,,
10394393,,
10480292,,
10903384,,
10505887,,
10599162,,
10433313,,
10845009,,
10099089,,
10572800,,
10613303,,
11180139,,
10394419,,
10216216,,
10435820,,
10549476,,
10368035,,
10947274,,
10659758,,
10227433,,
11105032,,
10436203,,
10442906,,
10865313,,
10605297,,
10617843,,
10196401,,
10690720,,
10477918,,
10526074,,
11189942,,
10037560,,
10394410,,
10630161,,
11131480,,
10099090,,
10368012,,
10394383,,
10394394,,
10668041,,
10804995,,
10633789,,
10815635,,
10214036,,
11146903,,
10470818,,
10394409,,
11082173,,
11083080,,
10863068,,
10921198,,
10383902,,
10524434,,
10394387,,
10394386,,
10947262,,
10843102,,
11023603,,
10701517,,
10211804,,
10984215,,
10659756,,
10612500,,
10196669,,
10892348,,
11026853,,
10394392,,
11542857,,
11121223,,
10229922,,
10435527,,
11072182,,
10219815,,
10442715,,
10535629,,
10798695,,
12025838,,
10923617,,
10613328,,
10071594,,
10631346,,
10436896,,
10778432,,
11121647,,
10394396,,
10654344,,
11098906,,
11098905,,
11130007,,
10975494,,
10227360,,
11210156,,
10984218,,
10718138,,
10923613,,
10535697,,
10700825,,
10659757,,
10204881,,
10577687,,
10690841,,
10227437,,
10368014,,
10922199,,
10501046,,
11099206,,
10551231,,
11072181,,
10746036,,
10436901,,
11210157,,
10071883,,
10889401,,
10435821,,
10757617,,
10843097,,
10501054,,
10616140,,
10341204,,
10435517,,
10697819,,
11191851,,
10987019,,
11133047,,
10226585,,
10970043,,
10854321,,
10530488,,
10420525,,
11085533,,
10659761,,
10588284,,
10725643,,
10656371,,
10880919,,
11095147,,
10863083,,
10484852,,
10863085,,
10629839,,
10710246,,
10761278,,
10093613,,
10902734,,
10817512,,
10360542,,
11099204,,
11033302,,
10394402,,
10394399,,
10526202,,
10659753,,
11542519,,
10478176,,
10606478,,
10381841,,
11099205,,
11213917,,
10331852,,
10718140,,
9935073,,
10836418,,
10902553,,
10494144,,
10225703,,
11022728,,
10341685,,
11143228,,
11674823,,
10836436,,
10930780,,
11008951,,
11143528,,
10841418,,
10928111,,
10810388,,
10070798,,
10841398,,
10790640,,
10983693,,
10100170,,
10071888,,
10394390,,
10394388,,
10804635,,
10924998,,
9989513,,
10958190,,
10751630,,
9932903,,
10843197,,
11147889,,
10804997,,
11008968,,
10379513,,
10368021,,
11187344,,
10369595,,
10535631,,
11099208,,
10630973,,
10227355,,
11187024,,
10555005,,
10394406,,
10428682,,
10984226,,
10718141,,
10402719,,
11130950,,
11024485,,
10805005,,
10394415,,
10837970,,
10071873,,
10798694,,
11223617,,
10956437,,
11023601,,
10584137,,
10789180,,
10863084,,
10650829,,
10587243,,
11008969,,
10536449,,
10565792,,
10941528,,
11011727,,
11099192,,
11252238,,
10478175,,
10824536,,
10218540,,
10974459,,
9883944,,
10442699,,
10533938,,
10902737,,
10505875,,
10223493,,
11213920,,
10474501,,
11057739,,
10630972,,
10480430,,
11147901,,
10360783,,
10815636,,
10505886,,
11212880,,
10681704,,
10900426,,
10993630,,
10924996,,
10924995,,
10070956,,
11205256,,
10757313,,
10398947,,
10501042,,
10853742,,
10487555,,
10751628,,
11137795,,
10976863,,
10414263,,
10832277,,
11139758,,
10955768,,
11099188,,
10844866,,
10196675,,
10974460,,
10505877,,
10435822,,
10588285,,
10392818,,
10071882,,
11098925,,
11163502,,
11262914,,
11196355,,
10697654,,
11132544,,
10401596,,
10624345,,
10394420,,
10394395,,
11789279,,
10856966,,
10657959,,
11121635,,
10435523,,
10853741,,
10442907,,
11183921,,
10220401,,
9949399,,
11118762,,
11542702,,
10738078,,
10903402,,
10394403,,
12548788,,
10592325,,
10681418,,
12583138,,
11099193,,
10435522,,
10924999,,
4966300,,
1260703,,
117912,,
6119744,,
6819262,,
6316734,,
6097953,,
6375292,,
3041153,,
2496803,,
1837231,,
1631193,,
1310959,,
7491409,,
8983264,,
9440882,,
2821339,,
6425438,,
6611866,,
2120783,,
3041154,,
3041157,,
7016355,,
106435,,
2008173,,
3259560,,
6252911,,
6423570,,
1584120,,
1584117,,
7799864,,
8587523,,
3842639,,
8532912,,
4856753,,
6251296,,
6292145,,
6317923,,
3386599,,
1921891,,
9010416,,
9355860,,
6482851,,
4046997,,
9220407,,
1633445,,
423289,,
9087365,,
2034114,,
7652009,,
9198016,,
1908104,,
7476718,,
8272553,,
98865,,
6434918,,
6429497,,
3080801,,
2458123,,
8794851,,
4066066,,
7619110,,
5986864,,
3205124,,
261593,,
114746,,
3137525,,
3923663,,
2539487,,
1845815,,
1526094,,
3423300,,
8746717,,
9155084,,
6679893,,
4462364,,
4203944,,
1310964,,
3930933,,
4079871,,
8798164,,
3148128,,
3357256,,
2548232,,
1904794,,
10876625,,
22185864,,
8928334,,
3015845,,
2738597,,
5473345,,
3041169,,
6423025,,
7403273,,
8436522,,
8946032,,
9353429,,
2556879,,
1964215,,
6387823,,
1890057,,
6252431,,
6252430,,
2511397,,
6810544,,
4800969,,
2165209,,
7659727,,
545121,,
2643595,,
2106610,,
4975194,,
149099,,
6430480,,
3116553,,
3104740,,
7207421,,
416314,,
4057906,,
6190434,,
6407394,,
9438167,,
107651,,
8741090,,
2287629,,
5980824,,
1201775,,
601222,,
103077,,
7983427,,
8949745,,
9246179,,
1620049,,
3290171,,
8531874,,
6795419,,
1463340,,
2798328,,
2120379,,
6408042,,
2173134,,
2131396,,
412962,,
1822636,,
4063646,,
3921486,,
1680140,,
7721135,,
3104739,,
2405532,,
8127981,,
8884906,,
7502727,,
2556878,,
7303870,,
2816019,,
3034477,,
6403271,,
6095608,,
7852123,,
8514551,,
6778545,,
7995745,,
1319525,,
3138208,,
7397705,,
9517251,,
8260640,,
424516,,
6275463,,
2648180,,
1560880,,
4624127,,
6326167,,
3933603,,
2880124,,
9006501,,
6738899,,
8587524,,
7732070,,
6746352,,
3918974,,
3080388,,
2570814,,
6412374,,
2824778,,
8850430,,
8782226,,
7838055,,
7997566,,
8497222,,
2122197,,
7609729,,
9304572,,
3191317,,
504567,,
3867080,,
11539986,,
8695535,,
2157238,,
2154048,,
1502330,,
6311484,,
4996462,,
6310969,,
7576756,,
1310961,,
8234869,,
2288343,,
8279292,,
3884139,,
7652006,,
8204938,,
8701816,,
3127908,,
1924864,,
1502329,,
8754122,,
3126848,,
8248286,,
8220975,,
96079,,
3815736,,
3001867,,
6823292,,
623376,,
8946371,,
6492670,,
8858723,,
7938218,,
1569877,,
8276664,,
1620036,,
6818196,,
2497314,,
3737580,,
9355864,,
7519356,,
1907829,,
808266,,
819125,,
2154314,,
6305126,,
6438702,,
6316735,,
3100482,,
2548234,,
2277832,,
2356303,,
1902272,,
5539462,,
2189844,,
96048,,
6688326,,
2126869,,
4082213,,
5610119,,
96061,,
3095894,,
2244022,,
6435265,,
2154829,,
3867086,,
7383538,,
416598,,
6436200,,
3006648,,
3041164,,
1763443,,
2542199,,
17170863,,
7067713,,
3021680,,
7760710,,
6316744,,
3080141,,
2711342,,
2105535,,
9409018,,
8826712,,
8798165,,
6248684,,
7289557,,
232501,,
7609728,,
2300886,,
6730766,,
9194137,,
106956,,
7256295,,
3701388,,
9194127,,
1290630,,
7762994,,
3116554,,
7626839,,
9123742,,
6182979,,
2195685,,
96046,,
6772294,,
6767728,,
6264625,,
6762086,,
6819279,,
6436908,,
6637875,,
3937173,,
4044342,,
3101214,,
3350726,,
2506156,,
1502331,,
8040010,,
7604160,,
9392536,,
9226311,,
96057,,
6819273,,
2711337,,
2105536,,
8961370,,
9106711,,
7838048,,
8320756,,
9361055,,
97728,,
7413146,,
7092631,,
6657197,,
6824468,,
3467500,,
2979030,,
2695875,,
2912118,,
2302103,,
8414414,,
8814740,,
9440169,,
1671694,,
6788732,,
1666779,,
1622850,,
8391139,,
7604161,,
8949783,,
1767567,,
9355862,,
7531744,,
3136305,,
2117228,,
118947,,
7020583,,
424515,,
7732074,,
9240653,,
3141760,,
8191705,,
2193610,,
6853271,,
9136109,,
4980084,,
3352492,,
3085250,,
3083438,,
8876895,,
3127669,,
7891628,,
6773105,,
6323360,,
3041158,,
498344,,
6800665,,
2505029,,
3444908,,
9220569,,
2251412,,
3767846,,
8441310,,
2405531,,
3549278,,
1208862,,
6808894,,
3917351,,
3487518,,
7751178,,
12118560,,
2454905,,
7990634,,
2069876,,
3915642,,
3883221,,
2980570,,
3329858,,
3314384,,
2674343,,
2080381,,
7717136,,
3022910,,
2540542,,
274004,,
6439993,,
181395,,
6417075,,
9022199,,
454238,,
2435666,,
8853515,,
9422266,,
9465218,,
8391133,,
7604158,,
8391135,,
8087487,,
8747935,,
7652156,,
8949754,,
8949751,,
8639321,,
1661367,,
1656180,,
7891629,,
9304579,,
7754141,,
6303585,,
7721627,,
315389,,
8598383,,
3627712,,
8434335,,
9546997,,
2195585,,
3484843,,
8936730,,
1338776,,
1904584,,
3671495,,
6429643,,
4216500,,
4834163,,
8289721,,
1753891,,
9392537,,
2921971,,
2841533,,
11539960,,
4041419,,
6928718,,
8741792,,
3127666,,
2106608,,
1913044,,
7891634,,
8994171,,
8850427,,
2126336,,
6770632,,
5264777,,
440041,,
101761,,
7217168,,
6438460,,
4046999,,
5445533,,
6429105,,
3112170,,
9300761,,
2835933,,
7908692,,
6405836,,
2000897,,
10163456,,
8587944,,
3151256,,
1372817,,
7891630,,
7838046,,
8724740,,
9392533,,
2118491,,
9194138,,
2667327,,
9315398,,
9315397,,
1869468,,
3749486,,
3510997,,
8018351,,
9246183,,
8949771,,
7242280,,
3842133,,
3918969,,
2513825,,
2699885,,
1294601,,
9295876,,
6803419,,
2505031,,
7930799,,
9223050,,
6548288,,
114634,,
6647999,,
8628760,,
15551530,,
7643785,,
8815379,,
8988512,,
2819218,,
1706632,,
7272924,,
3095893,,
3088595,,
1924761,,
3549032,,
6767664,,
4020278,,
6484198,,
8823263,,
8892470,,
8270232,,
3003076,,
2986397,,
7499449,,
1948643,,
737406,,
6819275,,
3102414,,
8309443,,
7480636,,
11538994,,
9355856,,
4623588,,
96047,,
6299503,,
8497223,,
6924785,,
3041168,,
4792265,,
9307949,,
8936724,,
8234680,,
1187764,,
897065,,
3013793,,
7983458,,
3961513,,
6820998,,
2550868,,
1584571,,
8341495,,
6441036,,
824007,,
916840,,
1555954,,
7673035,,
1900944,,
2504433,,
7610122,,
3201000,,
7473349,,
2120162,,
2498989,,
1598659,,
1565704,,
7854498,,
412049,,
6439992,,
2711343,,
6433368,,
11537053,,
2556954,,
2068340,,
9465717,,
8311910,,
3616427,,
6426570,,
3937172,,
1808655,,
1633456,,
1537198,,
3990697,,
7558946,,
6813285,,
6515666,,
6324376,,
9048973,,
9311075,,
9263789,,
4070371,,
9211409,,
672056,,
1481120,,
1936050,,
8449968,,
2829614,,
1645480,,
4089022,,
8525027,,
9465247,,
3000326,,
108497,,
7321806,,
9406368,,
2927599,,
8257965,,
9225785,,
6978320,,
6868628,,
8248792,,
6789575,,
96080,,
8949785,,
2199419,,
1667045,,
2251398,,
665842,,
9422926,,
3006439,,
10150872,,
4196727,,
6798395,,
6422482,,
6419031,,
8309442,,
9167170,,
3290800,,
7493849,,
7493847,,
9143054,,
1633444,,
3675290,,
4363147,,
3165217,,
2514442,,
3617766,,
4622662,,
10688860,,
8635906,,
2831169,,
8109994,,
6868475,,
8927713,,
2154046,,
1310973,,
104139,,
8600513,,
1886358,,
2117229,,
634061,,
9022180,,
6256783,,
11436904,,
8226167,,
9340408,,
1871308,,
11537228,,
8429990,,
9080533,,
6439997,,
3090411,,
2757334,,
3618720,,
3600530,,
3574513,,
7986762,,
1907831,,
9435824,,
3918962,,
8884899,,
6810077,,
3086255,,
319896,,
2685710,,
8113908,,
1870490,,
9026939,,
96060,,
99404,,
6819268,,
6318060,,
6308407,,
6300000,,
6323363,,
3937175,,
1502332,,
6289037,,
6408338,,
8625053,,
1671067,,
1349625,,
8099101,,
3717245,,
2157239,,
11538993,,
1837766,,
7483400,,
7799866,,
8899678,,
7120911,,
99132,,
4987287,,
173141,,
3001977,,
405869,,
219697,,
106873,,
6251410,,
6284097,,
6329261,,
2984625,,
3014416,,
3011694,,
3006647,,
3035451,,
2845324,,
2701570,,
2023760,,
1594223,,
1562251,,
8414415,,
7832221,,
9176673,,
1947210,,
1852920,,
6795160,,
11542744,,
9499987,,
101762,,
101763,,
3080391,,
6662753,,
3924868,,
15552095,,
4975723,,
4063717,,
2108474,,
7480645,,
9271796,,
3012962,,
7303019,,
6782714,,
7872672,,
7582259,,
7733650,,
3150933,,
7738406,,
2993322,,
451196,,
6439700,,
6439699,,
2839437,,
1449618,,
3978069,,
116055,,
6772914,,
6704015,,
8017897,,
2176455,,
7878212,,
8587935,,
7568376,,
1642583,,
6417072,,
8497231,,
8175401,,
2513293,,
7846889,,
5813975,,
3143692,,
1325044,,
2690941,,
2542198,,
6810471,,
2207362,,
8146543,,
7604159,,
9081322,,
8949781,,
6885544,,
6598018,,
7838952,,
7935201,,
9002131,,
5559533,,
4196726,,
806598,,
6271324,,
8949750,,
1854616,,
2557310,,
9226307,,
7731511,,
713982,,
6203175,,
3919928,,
9373107,,
7591916,,
7654827,,
8724957,,
9373108,,
6582912,,
11540041,,
2108476,,
3108740,,
8982826,,
8173880,,
9422269,,
8948358,,
8041899,,
3997600,,
8276665,,
760270,,
3645695,,
4375175,,
7422062,,
1438927,,
3791552,,
4959641,,
1753909,,
8120569,,
6821006,,
3383341,,
11538954,,
2701036,,
2701035,,
6836625,,
8327660,,
96053,,
8622840,,
7604163,,
8763768,,
8245080,,
7597216,,
96847,,
8384287,,
2118362,,
15551574,,
8988505,,
2506900,,
1675235,,
1531877,,
7893360,,
15552077,,
8746709,,
3095941,,
1115979,,
8955716,,
6806212,,
3919468,,
9033659,,
6767905,,
6787621,,
6316746,,
7410085,,
8718033,,
8858722,,
3394442,,
527052,,
8366284,,
6429500,,
3141978,,
3329856,,
3118420,,
7568383,,
2000451,,
9308080,,
7968837,,
1962279,,
7730072,,
8839418,,
7512212,,
3054621,,
3127664,,
8040042,,
7852108,,
3129177,,
15552085,,
3628481,,
8492762,,
3528417,,
3667382,,
2171547,,
8292886,,
9205912,,
8858720,,
96058,,
8724738,,
116102,,
2846983,,
8949769,,
7057053,,
8848553,,
3104744,,
1549442,,
826441,,
6314247,,
6091029,,
3001636,,
2855111,,
2539610,,
2167461,,
1329022,,
8231325,,
8382201,,
6804769,,
9027943,,
9364633,,
2848234,,
3383860,,
8626546,,
8225986,,
274908,,
8994173,,
7050474,,
8474866,,
8971974,,
8971973,,
8730661,,
7170343,,
806142,,
3384726,,
8455496,,
7576752,,
8289724,,
8164588,,
3194108,,
3150811,,
1904530,,
1771261,,
1322502,,
15552109,,
7470055,,
1907029,,
1766323,,
6636216,,
2363104,,
7338845,,
6430846,,
4000073,,
3115871,,
117009,,
3702824,,
3386602,,
3696074,,
2579052,,
3151253,,
6813908,,
8946022,,
7322062,,
6408040,,
2722602,,
2175455,,
2326738,,
6208176,,
5072545,,
8949784,,
8471427,,
15552122,,
1625509,,
8648361,,
8692177,,
2154049,,
8342112,,
4214365,,
8242624,,
8858733,,
9394283,,
8831225,,
6403799,,
9068360,,
9460889,,
7934432,,
7897277,,
8609452,,
106438,,
8558495,,
2120559,,
7668865,,
3121890,,
2494745,,
8270449,,
127916,,
6300609,,
1584123,,
8127982,,
6433871,,
6427568,,
115062,,
3736512,,
7759217,,
7891626,,
1522012,,
8886034,,
8934468,,
4216911,,
7972688,,
2157383,,
99847,,
6495357,,
6294594,,
6316745,,
8865692,,
8858734,,
3588676,,
8761424,,
9550751,,
6429095,,
8289727,,
1720868,,
9148080,,
7878214,,
6267760,,
3123868,,
4984631,,
3041166,,
2846478,,
9432800,,
7757989,,
7993268,,
101760,,
3091316,,
2419816,,
9394284,,
2678547,,
2465567,,
2845323,,
9367328,,
7689180,,
6378845,,
205754,,
7321783,,
1792328,,
8023246,,
3682108,,
2826833,,
6304920,,
6306925,,
3010758,,
2838717,,
3016360,,
3008670,,
2848958,,
2837999,,
2486480,,
3561203,,
4162240,,
4966299,,
4345381,,
4595340,,
6094074,,
6306463,,
3028239,,
8113122,,
9004363,,
8850426,,
3212046,,
2493437,,
7852129,,
1201774,,
1192358,,
910063,,
459978,,
371782,,
6283875,,
6416049,,
2068164,,
8085216,,
9517034,,
1901172,,
440229,,
118479,,
5846631,,
4624458,,
1766542,,
9233025,,
2667321,,
3150934,,
2495701,,
4910485,,
3037793,,
2853579,,
2160574,,
1652673,,
7801584,,
6195818,,
2581108,,
1907960,,
8655338,,
8949773,,
8892257,,
1411929,,
2158230,,
8007424,,
829589,,
7135440,,
3600229,,
3586912,,
2154042,,
96069,,
6432244,,
1826713,,
502780,,
7648013,,
2109357,,
6405147,,
4079869,,
8724736,,
8289725,,
8350822,,
7493816,,
8949764,,
3041163,,
6772317,,
2497317,,
2497316,,
2118360,,
8685260,,
7642411,,
3626033,,
2120163,,
6252410,,
1658533,,
7231059,,
3278400,,
3085247,,
3367385,,
1741418,,
1858014,,
3831931,,
2416097,,
6410146,,
7869992,,
1383847,,
110474,,
110473,,
8256002,,
7643789,,
3685098,,
2509863,,
2114647,,
6412046,,
2114655,,
748246,,
6853250,,
2667322,,
4079876,,
4079870,,
3935604,,
8629224,,
4219255,,
1201773,,
6433653,,
3003787,,
3111500,,
2751610,,
2028044,,
9127304,,
4366695,,
3093417,,
946623,,
2537482,,
7134454,,
6316740,,
8680062,,
2380081,,
2106614,,
9307960,,
7716264,,
8350824,,
8985928,,
9304577,,
9136110,,
7444722,,
3151255,,
3961674,,
8256001,,
9400706,,
9187116,,
7805659,,
2356295,,
6601079,,
2645543,,
1604004,,
7997521,,
1996064,,
6796993,,
3110536,,
8524422,,
2120780,,
1310971,,
8248287,,
2664546,,
2136179,,
1808652,,
8655380,,
2222769,,
7935216,,
7921670,,
1899490,,
7910071,,
2556877,,
2770440,,
10115534,,
7700209,,
2236506,,
7268819,,
6404014,,
2120158,,
3138219,,
3403315,,
3132732,,
2004953,,
2762532,,
2308500,,
1996050,,
2090338,,
7974180,,
6794153,,
9254732,,
8839415,,
9434980,,
8917355,,
1083382,,
3219494,,
8020701,,
1808645,,
3041156,,
7245280,,
8947529,,
6405449,,
3345489,,
2343148,,
2184409,,
9422264,,
6436201,,
811948,,
528215,,
1314097,,
8884904,,
6326364,,
2845185,,
4216992,,
8016313,,
8184009,,
2801862,,
2011227,,
7609726,,
2921973,,
2505030,,
9392561,,
3022102,,
3041162,,
7111680,,
7912716,,
2539000,,
1901130,,
8189907,,
1560887,,
8823275,,
3276655,,
7344514,,
6439994,,
3145391,,
3053538,,
3127668,,
3127667,,
1753906,,
8437663,,
8822786,,
3537655,,
2753766,,
1633443,,
1904583,,
9089592,,
9284242,,
3925308,,
2195177,,
2268242,,
7617908,,
4964582,,
3041165,,
6374979,,
2505305,,
2497319,,
2106613,,
9034669,,
9003544,,
2260011,,
6771243,,
8413034,,
6316739,,
2216195,,
2504664,,
1896039,,
102622,,
6787620,,
7975389,,
2402555,,
1584118,,
412961,,
3763697,,
3763696,,
6261038,,
3293113,,
3293112,,
644594,,
6255613,,
3041160,,
1964214,,
2158655,,
8927710,,
8309448,,
3918967,,
1324469,,
704296,,
6777827,,
6099406,,
3921501,,
8244822,,
8724743,,
9044414,,
3103107,,
2543303,,
3097960,,
5260222,,
7565367,,
1230119,,
2167496,,
6801620,,
8937093,,
7511552,,
7798751,,
7606109,,
8724742,,
7935214,,
8531873,,
8949768,,
8858724,,
6435139,,
6435138,,
2844697,,
8391138,,
9081321,,
8949775,,
7939319,,
8729350,,
9308950,,
6806596,,
2321950,,
114506,,
6439995,,
1553391,,
8532759,,
7558866,,
2804895,,
7708839,,
1623449,,
3544034,,
3627008,,
2921987,,
6787572,,
6320134,,
7568375,,
9015811,,
4061545,,
8311772,,
3055840,,
6299032,,
2843724,,
2556876,,
2121154,,
20409746,,
88550,,
3551869,,
7713464,,
7414643,,
8213629,,
9263791,,
9587582,,
2004959,,
8023244,,
6809707,,
6436206,,
8587548,,
2233582,,
7652000,,
2070187,,
7961009,,
865251,,
6314085,,
3041159,,
6101129,,
1432033,,
1310965,,
8380569,,
9240650,,
9231669,,
9112448,,
8165236,,
1570451,,
3353503,,
2678078,,
7852654,,
4089907,,
6408043,,
1792085,,
3540850,,
2157915,,
2330543,,
4046993,,
8438477,,
499137,,
6372928,,
207145,,
8604064,,
9169818,,
6330488,,
3041161,,
2161162,,
7037697,,
3550566,,
8542232,,
6907594,,
9216195,,
96063,,
3926732,,
3121893,,
2123504,,
9031487,,
1435226,,
6439996,,
2120558,,
1641479,,
3974532,,
3097465,,
1904236,,
725969,,
9454355,,
8248843,,
5551157,,
3211044,,
315387,,
408898,,
6264626,,
3001976,,
2843486,,
2550395,,
2543001,,
1338755,,
600690,,
6835065,,
3900622,,
2580212,,
3097450,,
3683131,,
3185187,,
2111565,,
3685249,,
2366817,,
7833122,,
7256810,,
6419033,,
6877183,,
3919472,,
3702818,,
7972899,,
8916267,,
8146284,,
8350837,,
6252432,,
6798396,,
6429495,,
7968843,,
1907957,,
6429496,,
8619022,,
7565355,,
418507,,
473255,,
3532738,,
8563704,,
8726992,,
8315479,,
109366,,
9555644,,
4340051,,
5047594,,
2544792,,
2541326,,
1572836,,
8175397,,
2118361,,
103635,,
1461208,,
3082810,,
2505032,,
7838051,,
8309445,,
811945,,
7302243,,
6636214,,
3934799,,
7597213,,
9115654,,
413407,,
7754363,,
9417636,,
3920687,,
1898536,,
1740393,,
2061127,,
8862453,,
2953378,,
4079875,,
3919249,,
3696073,,
1908047,,
7968847,,
7922977,,
7638056,,
1620046,,
7228847,,
690494,,
8685254,,
2191236,,
3001203,,
9027939,,
6607229,,
8239679,,
8089336,,
9029546,,
1295040,,
7632342,,
3924867,,
9089596,,
3261519,,
9350712,,
113640,,
99763,,
8438070,,
4218290,,
2506158,,
2372848,,
8884903,,
1691867,,
101758,,
8946377,,
8949774,,
8724735,,
9429939,,
2819362,,
2502510,,
2106612,,
2106609,,
7558965,,
8839416,,
2496282,,
3771214,,
1584127,,
2110284,,
8628541,,
406984,,
402196,,
2983877,,
3032751,,
2848788,,
3786404,,
2667285,,
3571577,,
6798391,,
6811766,,
8746110,,
6436207,,
13994,,
8211755,,
7475362,,
7715569,,
3141759,,
7064406,,
117631,,
110994,,
6429926,,
6402291,,
7694785,,
2692549,,
7393146,,
7928358,,
106698,,
4082208,,
7632352,,
2513831,,
1320182,,
3024187,,
1908045,,
8751415,,
9253040,,
2625780,,
2494709,,
2404918,,
1311106,,
8164033,,
9112443,,
2511609,,
6819278,,
7702893,,
8554878,,
8949780,,
3119968,,
2110285,,
8324313,,
8721838,,
6419035,,
7164130,,
1461209,,
96067,,
6434920,,
1904412,,
3127663,,
8938028,,
7878215,,
2176191,,
2118170,,
6408365,,
3329860,,
3275599,,
2493438,,
2343151,,
1633455,,
8497224,,
504574,,
2304477,,
2223971,,
3933604,,
2363107,,
2363106,,
7899565,,
8946372,,
2526053,,
8391136,,
7502725,,
8614713,,
1187767,,
6205232,,
2761188,,
3375979,,
3114182,,
3615576,,
3920481,,
2671570,,
15552110,,
6434914,,
1616598,,
1921884,,
1910474,,
8807611,,
8818786,,
230438,,
1522010,,
1265278,,
7905908,,
8884060,,
6808282,,
1962280,,
8413039,,
3084928,,
300727,,
6971273,,
7790217,,
8330990,,
1970992,,
7501838,,
4069325,,
9157263,,
4621620,,
4216459,,
2154045,,
7897273,,
8600500,,
1731120,,
3386598,,
2120560,,
6729857,,
3919471,,
3764672,,
3111992,,
1675601,,
6408036,,
2826834,,
2497318,,
2382211,,
2536697,,
2431614,,
7256811,,
3600517,,
2251411,,
8571181,,
6275234,,
6867282,,
2408725,,
6820995,,
6798850,,
3779136,,
2711339,,
1819202,,
97731,,
7360894,,
6798390,,
505468,,
6437661,,
6692429,,
3021603,,
2916172,,
2055587,,
1978856,,
451143,,
8746715,,
3613590,,
8608031,,
2916169,,
1379747,,
8927693,,
9430471,,
1643637,,
6798383,,
7643786,,
7869903,,
6439698,,
6420370,,
1662525,,
8742908,,
2380084,,
7493848,,
2251407,,
8391134,,
6794699,,
9271795,,
7029791,,
3518101,,
7413919,,
2799626,,
2120784,,
7272980,,
9446941,,
2599463,,
2712112,,
7146096,,
6267406,,
4218881,,
4981812,,
4325720,,
407624,,
6305051,,
115060,,
115056,,
672069,,
6858063,,
7659728,,
7518934,,
3119969,,
3574326,,
7983454,,
8638221,,
6438055,,
6305892,,
2315844,,
8414625,,
7914004,,
3211042,,
9198017,,
814132,,
7824783,,
1323252,,
9366669,,
3701392,,
6463209,,
9157260,,
228823,,
2494730,,
2300887,,
3937171,,
4008290,,
2579050,,
1846983,,
8235984,,
7581292,,
1485904,,
9136099,,
3500194,,
8371644,,
7878213,,
7740407,,
9022195,,
4216988,,
1904411,,
6440318,,
8576485,,
1664016,,
8767105,,
9090578,,
9008216,,
1429105,,
7635728,,
2688508,,
8680070,,
9435828,,
8949782,,
3515567,,
9008009,,
8880960,,
9416788,,
3927528,,
3405136,,
8465252,,
2343082,,
3923662,,
92830,,
6575109,,
6697086,,
2154050,,
3012809,,
1574594,,
7609715,,
8365945,,
8491686,,
8147607,,
9128899,,
6316743,,
1962856,,
8259351,,
8554877,,
8554889,,
1782617,,
2799162,,
9292264,,
2251406,,
7754126,,
7493806,,
542604,,
6311146,,
2983558,,
3014415,,
3587916,,
2374681,,
929638,,
7456089,,
3523346,,
8085214,,
7931614,,
8823277,,
106209,,
7376314,,
7480828,,
1620045,,
8746720,,
8883543,,
6604709,,
738885,,
6815141,,
6403798,,
1496450,,
8927701,,
8497226,,
6438459,,
3600524,,
3211045,,
1907830,,
1485913,,
8058025,,
8746712,,
3126849,,
2176456,,
1422891,,
6164832,,
1649484,,
1776122,,
8246622,,
6410998,,
6695043,,
4888450,,
107338,,
7721636,,
7972912,,
8058023,,
4021755,,
9446303,,
4990702,,
1969909,,
7717128,,
3125401,,
8899681,,
7480117,,
2110606,,
8606927,,
3317477,,
2552480,,
1848941,,
1942800,,
8208216,,
8551991,,
3937169,,
6818188,,
8899008,,
3138212,,
1310969,,
2832357,,
2154365,,
1740396,,
1310966,,
8601002,,
1461201,,
109898,,
3814514,,
7708845,,
1310970,,
6793821,,
2837092,,
7790268,,
1909466,,
2115034,,
2120160,,
2354401,,
1584365,,
6718490,,
8971975,,
6796368,,
1704715,,
9120892,,
8723506,,
3696065,,
6701923,,
3007915,,
6419036,,
1977832,,
7624643,,
118480,,
2117230,,
6319994,,
2359429,,
1808656,,
1808653,,
8949763,,
7220795,,
1910470,,
7912712,,
7501811,,
8862452,,
1620042,,
7632351,,
6411059,,
7770784,,
1461200,,
1999768,,
7085281,,
6403801,,
2512160,,
2508250,,
2124375,,
489293,,
1753914,,
8422636,,
3102416,,
8109312,,
7817270,,
1437536,,
8231322,,
8730664,,
6298160,,
1311773,,
7597217,,
4374356,,
807316,,
96045,,
6245096,,
7057235,,
2837896,,
3350732,,
2154047,,
1681880,,
1310960,,
7997728,,
7635781,,
6819239,,
8660625,,
2782910,,
8018350,,
7651999,,
2664919,,
1821201,,
1406086,,
6770239,,
6072039,,
4964581,,
6412044,,
8531865,,
7909372,,
2719308,,
8454488,,
6316736,,
6772316,,
6790256,,
2260008,,
1344744,,
1661368,,
6885540,,
7828124,,
7700490,,
1360077,,
99982,,
6798394,,
8455501,,
7878211,,
1651308,,
1310972,,
1310962,,
3338915,,
6927777,,
8985051,,
3658830,,
3974524,,
3600533,,
2492268,,
7816941,,
6436198,,
1598134,,
8395088,,
8862451,,
9343107,,
315388,,
7586863,,
6833014,,
9069317,,
7740411,,
3105101,,
8350825,,
6798397,,
4080820,,
3917989,,
1921876,,
7816947,,
8532756,,
1162054,,
9088394,,
3975275,,
1907311,,
8685258,,
8850425,,
6246455,,
4960303,,
5004402,,
4196728,,
6819271,,
6058655,,
5653430,,
12001956,,
4216458,,
4209206,,
910064,,
11539626,,
3867088,,
1167420,,
4659911,,
4806528,,
806143,,
8327733,,
6776446,,
3090722,,
6806978,,
7359874,,
11537027,,
3499154,,
1869467,,
9136111,,
7784153,,
7635773,,
2552402,,
8380147,,
8002630,,
7940124,,
8587201,,
9200952,,
2839438,,
6820999,,
6679908,,
6387813,,
6422097,,
6309087,,
3003785,,
3001382,,
3121889,,
3199516,,
2512402,,
2798333,,
1310967,,
8949758,,
7838047,,
6820990,,
6429093,,
6429092,,
8867391,,
8655383,,
1429101,,
3099144,,
2511399,,
7599383,,
8305324,,
577025,,
3819125,,
6653536,,
3319936,,
6330772,,
3952143,,
3023803,,
1572828,,
2330686,,
3003784,,
3041170,,
2544370,,
2535872,,
2165739,,
2157240,,
3080390,,
8350827,,
2750085,,
8912371,,
9201680,,
4988996,,
4987511,,
4627429,,
6769186,,
8512010,,
7502957,,
8248559,,
6717638,,
6439989,,
4011952,,
8751416,,
8407415,,
6602790,,
8164587,,
3292470,,
8531877,,
3925506,,
3096405,,
1620888,,
8310159,,
1823356,,
5006439,,
8205791,,
672068,,
997853,,
8332717,,
6314084,,
7609730,,
9004361,,
8700030,,
9204523,,
7256808,,
3975443,,
9434294,,
8265778,,
1620040,,
472125,,
6285803,,
6282792,,
8742895,,
104367,,
6116287,,
7560797,,
972591,,
470566,,
7321784,,
2918832,,
1335591,,
7817256,,
2847453,,
3671503,,
6815138,,
3918963,,
6418950,,
4959698,,
4662739,,
9296578,,
8794846,,
3872281,,
2020756,,
8391156,,
7972911,,
6296648,,
8975391,,
9322843,,
6433652,,
4525538,,
6819274,,
2543089,,
2540543,,
2540476,,
2405533,,
1668055,,
1310963,,
8391137,,
8434341,,
8720971,,
8685552,,
1908406,,
2494748,,
2176457,,
7869996,,
2300885,,
8018352,,
8153385,,
9307948,,
2513822,,
8338644,,
3627007,,
3939513,,
3615582,,
15551550,,
7952953,,
8815372,,
6357165,,
6347997,,
8703326,,
8807609,,
2308551,,
1202560,,
7012735,,
2107561,,
6184031,,
2722601,,
6316738,,
6818198,,
2751606,,
1973428,,
8600099,,
4821590,,
806092,,
3603365,,
2349539,,
1461206,,
1904237,,
7565369,,
7935221,,
8578054,,
6289219,,
9198022,,
9122852,,
3689006,,
6018850,,
6813906,,
109157,,
4431802,,
3685099,,
3721928,,
3129667,,
4200230,,
8949772,,
8643138,,
15552078,,
6363273,,
6318947,,
167027,,
1948217,,
8295986,,
9173436,,
8350836,,
6427569,,
1633451,,
8746711,,
9355863,,
8686880,,
1594762,,
1665391,,
7770782,,
1324392,,
2020734,,
1438684,,
11538024,,
8084233,,
7838056,,
9434297,,
8960515,,
9054873,,
2497315,,
2426616,,
1657115,,
7683125,,
9032867,,
6242325,,
8016461,,
7652007,,
7476720,,
8822779,,
8798168,,
6812677,,
7790207,,
8949770,,
9030837,,
9198018,,
8121268,,
8455499,,
1384330,,
8062270,,
8722422,,
8679269,,
1186617,,
2494725,,
6199897,,
339539,,
7935217,,
8278155,,
1612963,,
2146460,,
6092309,,
11360550,,
110995,,
3041155,,
8164590,,
7565368,,
7476722,,
7659734,,
2608372,,
2155367,,
6431649,,
2494731,,
9072845,,
3151257,,
2667317,,
3129385,,
6275325,,
7434181,,
3404968,,
2366455,,
8051878,,
8766068,,
2700992,,
2154044,,
1731160,,
203251,,
8209012,,
3105547,,
6434919,,
3617603,,
2609526,,
1300758,,
16552114,,
16381792,,
16696460,,
16790911,,
16551525,,
16579538,,
16091400,,
16122932,,
16475756,,
16802872,,
16885627,,
16516239,,
16332602,,
16332601,,
16898436,,
16896590,,
16741311,,
16167079,,
16370421,,
16370416,,
16648104,,
16381706,,
16484153,,
16682145,,
16461512,,
16475781,,
16370427,,
16757855,,
16424573,,
16475750,,
16359743,,
16769837,,
17518376,,
16669704,,
16357425,,
16826355,,
16625032,,
16372413,,
16546683,,
16613538,,
17001787,,
16647221,,
16374542,,
16552261,,
16883015,,
16475784,,
16372417,,
16580508,,
16340609,,
16580494,,
16604629,,
16499726,,
16888551,,
16546904,,
16440571,,
16824973,,
16424586,,
16825746,,
16404516,,
16604649,,
16381794,,
16700315,,
16703744,,
16618572,,
16887485,,
16484852,,
16182466,,
16563656,,
16580495,,
16541431,,
16637062,,
16547899,,
16435921,,
16866571,,
16751068,,
16819322,,
16362788,,
16381776,,
16532941,,
16622753,,
16333158,,
16612151,,
16625037,,
16714755,,
16632629,,
16585718,,
16498040,,
16421401,,
16414376,,
16882620,,
16825750,,
16626894,,
16583665,,
16543700,,
16525679,,
16414089,,
16381705,,
16715713,,
16394632,,
16333159,,
16863934,,
16585839,,
16370429,,
16381775,,
16836035,,
16546909,,
16861119,,
16506497,,
16703499,,
16424589,,
16630407,,
16846974,,
16537190,,
16646108,,
16460768,,
16826358,,
16376492,,
16865512,,
16485544,,
16630525,,
16409115,,
16421408,,
16454333,,
16340848,,
16604677,,
16552104,,
16585717,,
16609033,,
16457247,,
16604679,,
16314345,,
16458447,,
16824776,,
15887213,,
16612152,,
16735573,,
16723767,,
16757128,,
16330119,,
16585841,,
16361217,,
16651585,,
16319520,,
16690593,,
16672133,,
15993548,,
16422352,,
16381704,,
16872081,,
16481690,,
16517568,,
16401797,,
16878580,,
16625028,,
16700624,,
16488552,,
16257131,,
16711485,,
16317298,,
16475707,,
16435912,,
16551129,,
16825747,,
16697804,,
16723779,,
16751074,,
16551128,,
16551127,,
16358998,,
16580556,,
16500683,,
16465415,,
16678505,,
16825748,,
16422350,,
16137720,,
16730137,,
16872076,,
16510958,,
16790912,,
16580557,,
16823304,,
16532962,,
16760756,,
16723888,,
16793501,,
16644062,,
16685977,,
16532940,,
16532930,,
16721565,,
16510961,,
16606875,,
16362787,,
16529539,,
16552967,,
16133022,,
16582516,,
16882999,,
16370431,,
11516863,,
12605964,,
16029800,,
16111578,,